DATE,BI-COLOR,WHITE,YELLOW
1/10/1998,11.52083333,12.83653846,11.74038462
1/17/1998,14.375,13.97916667,13.21153846
1/24/1998,13.725,12.97395833,11.09615385
1/31/1998,13.83333333,13.57291667,10.88392857
2/7/1998,15.80555556,15.28333333,14.46875
2/14/1998,16.375,15.98076923,16.62083333
2/21/1998,16.80357143,16.82692308,16.15833333
2/28/1998,16.83333333,16.36363636,15.52678571
3/7/1998,17.05,15.39772727,13.70089286
3/14/1998,16.4,14.4375,13.13942308
3/21/1998,15.25,14.90384615,12.84615385
3/28/1998,13.25,15.125,13.19270833
4/4/1998,12.97916667,14.54807692,13.23076923
4/11/1998,13.375,15.69791667,13.50520833
4/18/1998,13.48611111,15.54464286,13.49107143
4/25/1998,14.98611111,17.14285714,15.5375
5/2/1998,15.4375,17.3203125,15.73611111
5/9/1998,12.234375,13.87847222,12.95138889
5/16/1998,10.234375,10.81911765,10.55625
5/23/1998,10.15972222,10.58333333,10.08854167
5/30/1998,9.53125,10.79166667,9.3
6/6/1998,9.75,9.741666667,8.2125
6/13/1998,8.024038462,8.117647059,7.202205882
6/20/1998,7.365384615,8.086805556,7.53125
6/27/1998,9.116666667,8.95,7.858552632
7/4/1998,9.75,9.25297619,8.622159091
7/11/1998,9.159722222,8.38,8.431034483
7/18/1998,9.223214286,8.105769231,7.950892857
7/25/1998,8.553571429,8.6,8.221428571
8/1/1998,7.614130435,8.642857143,8.109375
8/8/1998,7.976190476,8.298076923,7.602083333
8/15/1998,8.796875,9.365740741,8.197115385
8/22/1998,8.517857143,9.241666667,8.256696429
8/29/1998,7.802083333,8.204545455,7.632575758
9/5/1998,8.83125,8.415178571,8.051339286
9/12/1998,9.833333333,10.55978261,9.24537037
9/19/1998,11.046875,11.34821429,10.73798077
9/26/1998,13.234375,11.50328947,11.24519231
10/3/1998,13.425,11.87228261,11.83482143
10/10/1998,14.74,12.34090909,13.1948
10/17/1998,15.89142857,13.46527778,14.28138889
10/24/1998,15.29625,15.20833333,15.54605263
10/31/1998,17.38375,16.51041667,16.88815789
11/7/1998,15.42125,16.17307692,16.01470588
11/14/1998,13.980625,14.16666667,14.15416667
11/21/1998,12.8225,12.69444444,12.5078125
11/28/1998,12.88916667,13.3,12.27205882
12/5/1998,11.47916667,11.9375,11.39473684
12/12/1998,11.27857143,10.4765625,9.819444444
12/19/1998,9.7675,10.25,9.125
12/26/1998,7.97,9.727678571,8.758333333
1/2/1999,8.841666667,9.808333333,8.558333333
1/9/1999,9.133333333,10.20535714,9.691666667
1/16/1999,12.734,12.43269231,12.40625
1/23/1999,17.60833333,14.88541667,14.5625
1/30/1999,15.49666667,14.63636364,13.52678571
2/6/1999,16.244,14.68055556,12.31730769
2/13/1999,11.8575,13.4125,10.84615385
2/20/1999,11.67916667,11.625,10.11785714
2/27/1999,13.48785714,11.52272727,11.11785714
3/6/1999,14.83,13.2125,12.43229167
3/13/1999,14.84583333,13.8,12.53333333
3/20/1999,14.1125,13.75,12.60416667
3/27/1999,13.36,12.86363636,12.49519231
4/3/1999,12.82785714,11.63636364,11.54326923
4/10/1999,11.93071429,11.4,10.828125
4/17/1999,11.0525,11.71875,10.45192308
4/24/1999,10.62625,12.06875,10.89583333
5/1/1999,11.0525,12.52083333,11.57142857
5/8/1999,10.99375,11.96153846,11.15833333
5/15/1999,11.6596875,11.48214286,10.69027778
5/22/1999,11.248125,11.70192308,11.203125
5/29/1999,11.77071429,11.94444444,11.564625
6/5/1999,11.035,11.0234375,10.80880952
6/12/1999,10.49888889,10.39423077,10.25485294
6/19/1999,9.912,9.25,9.159558824
6/26/1999,10.08875,9.682692308,9.15775
7/3/1999,10.93055556,10.6640625,9.829166667
7/10/1999,10.15384615,9.492647059,9.1525
7/17/1999,8.911538462,7.621875,7.4225
7/24/1999,8.2575,7.232638889,6.980113636
7/31/1999,6.666666667,7.63671875,7.200892857
8/7/1999,7.65,7.835227273,7.649193548
8/14/1999,8.185,8.75,8.37125
8/21/1999,7.145833333,8.1125,7.806818182
8/28/1999,7.8125,8.092105263,7.825
9/4/1999,8.486111111,8.666666667,8.401785714
9/11/1999,8.977272727,9.463235294,8.807065217
9/18/1999,9.402777778,9.334375,8.328703704
9/25/1999,8.05,9.148026316,8.2275
10/2/1999,9.8125,9.571875,8.991
10/9/1999,11.85416667,9.757352941,9.80625
10/16/1999,11.575,10.12109375,9.479166667
10/23/1999,10.85714286,10.21875,9.104166667
10/30/1999,9.5,10.88541667,9.508928571
11/6/1999,10.25,13.02083333,11.6775
11/13/1999,13.5,14.59583333,13.74402174
11/20/1999,16.35,16.29166667,15.5171875
11/27/1999,18.25,18.40625,15.996875
12/4/1999,16.625,17.275,16.13815789
12/11/1999,18.125,18.33333333,18.17857143
12/18/1999,17.7375,20.36666667,19.27403846
12/25/1999,17.7,20.91428571,20.52125
1/1/2000,19.5,20.65,20.08
1/8/2000,21.41666667,20.08333333,21.49479167
1/15/2000,19,21.9375,22.35384615
1/22/2000,20.83333333,19.29166667,19.325
1/29/2000,13.75,16.25,14.22159091
2/5/2000,13.25,15.375,12.29166667
2/12/2000,14.5,15.3125,11.90865385
2/19/2000,16,14.51136364,12.59166667
2/26/2000,13,13.45833333,12.01041667
3/4/2000,12.83333333,12.79861111,11.17692308
3/11/2000,11.66666667,12.02777778,10.85416667
3/18/2000,11.75,11.72222222,10.68229167
3/25/2000,11.5,11.4,10.45535714
4/1/2000,10.33333333,12.13888889,10.66666667
4/8/2000,11.66666667,13.421875,12.40625
4/15/2000,12.675,14.65104167,13.32692308
4/22/2000,10.27083333,13.53571429,12.30357143
4/29/2000,8.052083333,11.69711538,10.72321429
5/6/2000,8.291666667,9.415178571,9.133333333
5/13/2000,9.0625,8.892045455,8.848214286
5/20/2000,9.267857143,9.255208333,8.95703125
5/27/2000,9.585227273,10.14423077,9.595833333
6/3/2000,9.453125,10.46428571,10.08223684
6/10/2000,9.888888889,10.22794118,9.552083333
6/17/2000,9.361111111,9.416666667,8.984375
6/24/2000,8.696428571,9.383333333,8.790441176
7/1/2000,9.083333333,9.134615385,8.8125
7/8/2000,9.15,8.6953125,8.202205882
7/15/2000,10.365625,9.18375,8.679166667
7/22/2000,10.27272727,10.65865385,10.65625
7/29/2000,11.135,12.05681818,11.50260417
8/5/2000,11.94318182,12.41666667,12.11666667
8/12/2000,10.75,10.99375,10.86770833
8/19/2000,9.325,8.71875,8.659482759
8/26/2000,8.675,8.75,7.982758621
9/2/2000,9.631818182,9.673611111,9.204326923
9/9/2000,10.19642857,11.3515625,10.29326923
9/16/2000,9.340909091,11.73369565,10.57459677
9/23/2000,8.839285714,12.2625,11.32226563
9/30/2000,9.8125,11.6375,10.94827586
10/7/2000,11.15865385,10.61309524,10.88125
10/14/2000,13.20833333,12.375,12.36447368
10/21/2000,13.16875,12.81617647,13.28421053
10/28/2000,12,12.89166667,13.04513889
11/4/2000,10.175,11.375,10.98881579
11/11/2000,9.0375,11.10546875,10.12784091
11/18/2000,8.640625,10.83333333,9.878125
11/25/2000,8.325,11.88942308,10.27631579
12/2/2000,8.984375,12.7890625,11.02083333
12/9/2000,11.55,14.76923077,13.29609375
12/16/2000,18.5,16.88636364,16.9953125
12/23/2000,19,20.73611111,19.69107143
12/30/2000,19.98,20.875,20.24615385
1/6/2001,18.84285714,22.0025,20.78076923
1/13/2001,15.98571429,22.06458333,19.91833333
1/20/2001,13.19166667,21.6625,17.51785714
1/27/2001,14.35,20.96875,16.78076923
2/3/2001,18.625,21.16666667,18.45833333
2/10/2001,17.875,22.28409091,19.3075
2/17/2001,15.08333333,21.8625,18.50390625
2/24/2001,15.8125,20.45833333,18.82692308
3/3/2001,17.4375,18.484375,17.54583333
3/10/2001,15.4375,17.375,15.82833333
3/17/2001,15.4375,16.578125,14.16944444
3/24/2001,13.6875,16.421875,13.25961538
3/31/2001,13.375,15.675,13.79464286
4/7/2001,12.02083333,14.8125,12.4390625
4/14/2001,9.833333333,12.6875,11.78214286
4/21/2001,9.035714286,11.07954545,10.65234375
4/28/2001,8.46875,12.09375,9.96875
5/5/2001,9.484375,12.90833333,10.99921875
5/12/2001,11.77083333,14.33653846,13.7375
5/19/2001,15.3,17.29545455,16.38214286
5/26/2001,15.65625,16.8375,16.59642857
6/2/2001,11.41666667,13.57954545,12.63958333
6/9/2001,10.6875,11.36875,10.86442308
6/16/2001,8.95,10.24431818,10.53645833
6/23/2001,7.6,9.261363636,9.208333333
6/30/2001,9.625,9.9875,9.875
7/7/2001,9.1875,10.1875,10.27777778
7/14/2001,9.333333333,9.463815789,9.745535714
7/21/2001,7.854166667,9,8.467592593
7/28/2001,8.411458333,9.427083333,8.484375
8/4/2001,8.591346154,9.544270833,8.276442308
8/11/2001,8.35625,9.428977273,8.415865385
8/18/2001,7.5625,8.455,7.894396552
8/25/2001,7.052083333,8.755681818,7.989285714
9/1/2001,8.053571429,8.953947368,8.722282609
9/8/2001,8.020833333,10.08522727,9.423076923
9/15/2001,8.25,10.69,9.573275862
9/22/2001,8.25,10.32738095,9.717592593
9/29/2001,7.5,10.26875,9.504807692
10/6/2001,9.375,10.38858696,9.6975
10/13/2001,9.916666667,10.47368421,9.865625
10/20/2001,10,10.60921053,10.13452381
10/27/2001,9.741666667,11.86328125,10.4484375
11/3/2001,8.6875,11.74107143,10.36607143
11/10/2001,8.729166667,11.75892857,11.11666667
11/17/2001,10.27083333,11.40625,11.5546875
11/24/2001,11.0375,12.35227273,13.06617647
12/1/2001,12.359375,12.61764706,13.19565217
12/8/2001,12.29166667,14.01041667,14.35
12/15/2001,13,14.9875,14.15909091
12/22/2001,12,17.53125,15.60416667
12/29/2001,11,18.35714286,16.22916667
1/5/2002,9.833333333,14.20454545,13.71875
1/12/2002,9.958333333,12.5,12.125
1/19/2002,13.5,15.19318182,14.875
1/26/2002,17.21666667,17.5625,16.87678571
2/2/2002,17.08,19.28571429,17.94318182
2/9/2002,17.83,19.19444444,17.93181818
2/16/2002,15.4375,18,15.38636364
2/23/2002,10.65625,13.43928571,11.64772727
3/2/2002,10.3375,13.06944444,11.08653846
3/9/2002,13.875,14.41666667,14.45
3/16/2002,16,16.20833333,16.75
3/23/2002,17,17.72222222,18.04545455
3/30/2002,12.65625,16.22727273,16.10416667
4/6/2002,9.275,12.83636364,12.08958333
4/13/2002,8.05,11.14318182,9.6825
4/20/2002,11.125,12.85,11.14375
4/27/2002,12,14.19318182,13.85416667
5/4/2002,11.3625,14.3925,13.44305556
5/11/2002,10,13.51388889,13.04166667
5/18/2002,9.75,11.80729167,11.72395833
5/25/2002,8.992857143,10.80729167,10.62946429
6/1/2002,8.742857143,9.7,9.734375
6/8/2002,9.118055556,9.459821429,9.572321429
6/15/2002,10.375,10.85576923,11.35833333
6/22/2002,10.11111111,10.74038462,11.08333333
6/29/2002,10.0625,10.875,10.83333333
7/6/2002,10.56944444,10.82894737,11.23958333
7/13/2002,13.25,12.8375,13.3375
7/20/2002,13.625,13.3,13.925
7/27/2002,12.125,13.06785714,13.059375
8/3/2002,11.28571429,11.9734375,12.09558824
8/10/2002,9.421875,9.927631579,9.451086957
8/17/2002,7.708333333,8.963970588,8.519565217
8/24/2002,7.489583333,8.541666667,8.0703125
8/31/2002,8.9125,9.224264706,9.5125
9/7/2002,9.053571429,11.71153846,10.5
9/14/2002,11.35,12.85416667,10.68333333
9/21/2002,11.6,13.82692308,11.640625
9/28/2002,12.91666667,13.59539474,12.71323529
10/5/2002,12.10416667,13.11029412,12.31944444
10/12/2002,11.01785714,11.23076923,10.7890625
10/19/2002,10.109375,10.6875,10.4
10/26/2002,11.23214286,10.48333333,10.68382353
11/2/2002,11.08928571,10.38392857,11.109375
11/9/2002,10.54166667,10.265625,10.85294118
11/16/2002,10.36111111,10.23333333,10.74264706
11/23/2002,9.958333333,11.78125,11.19705882
11/30/2002,10.1,11.89285714,11.39166667
12/7/2002,9.208333333,11.5,10.8046875
12/14/2002,8.64,11.08571429,10.21428571
12/21/2002,8.665,11.27,10.44230769
12/28/2002,8.625,11.175,10.96875
1/4/2003,8.2,10.78472222,10.96875
1/11/2003,10.065,11.56818182,11.155
1/18/2003,14.75,14.41964286,13.96397059
1/25/2003,17.75,16.60416667,17.8875
2/1/2003,19.16666667,18.38888889,18.7734375
2/8/2003,21.75,18.88888889,18.27884615
2/15/2003,17.15,16.89166667,16.60803571
2/22/2003,11.725,13.93846154,13.36607143
3/1/2003,10.1,12.25961538,11.55982143
3/8/2003,10.42916667,11.62142857,11.04333333
3/15/2003,12.765,12.88333333,12.66666667
3/22/2003,11.225,12.78846154,12.50446429
3/29/2003,11,12.640625,12.92279412
4/5/2003,10.99431818,12.83823529,12.24044118
4/12/2003,10.790625,12.96458333,11.91470588
4/19/2003,9.7975,12.325,11.88897059
4/26/2003,9.054545455,11.76323529,11.61617647
5/3/2003,8.570833333,10.77794118,11.37361111
5/10/2003,9.005208333,10.80416667,11.13602941
5/17/2003,9.2875,11.19285714,10.72410714
5/24/2003,10.17115385,10.79583333,10.57916667
5/31/2003,9.767045455,10.45367647,9.784722222
6/7/2003,10.0375,10.45220588,9.452083333
6/14/2003,10.33928571,10.40357143,9.641666667
6/21/2003,9.421875,10.47767857,9.9375
6/28/2003,8.427083333,9.602678571,8.83984375
7/5/2003,8.488392857,8.9609375,8.761764706
7/12/2003,8.540909091,9.297794118,8.979166667
7/19/2003,10.22083333,10.44375,9.336574074
7/26/2003,12.00357143,11.30208333,10.29241071
8/2/2003,10.54583333,11.4125,10.28
8/9/2003,9.0625,10.1609375,9.316071429
8/16/2003,8.151041667,8.5375,7.738636364
8/23/2003,7.710227273,8.014880952,7.794230769
8/30/2003,7.50625,8.2475,8.043103448
9/6/2003,7.5875,8.6,8.147727273
9/13/2003,7.958333333,8.953947368,8.535714286
9/20/2003,8.583333333,9.026315789,8.511363636
9/27/2003,8.986111111,9.208333333,9.024456522
10/4/2003,9.499038462,10.1125,10.13385417
10/11/2003,9.397727273,9.9875,10.45625
10/18/2003,10.02272727,10.00961538,10.71875
10/25/2003,10.81666667,11.10357143,11.3046875
11/1/2003,11.35863636,12.828125,12.10833333
11/8/2003,12.21272727,13.8125,13.22368421
11/15/2003,12.7165,13.61,15.3
11/22/2003,13.536,15.0421875,15.85
11/29/2003,13.865,15.38636364,15.60865385
12/6/2003,12.89642857,18.57291667,16.715625
12/13/2003,15.26944444,20.03076923,16.87410714
12/20/2003,14.9,19.79772727,17.64903846
12/27/2003,15.709375,17.5025,17.03068182
1/3/2004,14.740625,17.85454545,16.97954545
1/10/2004,14.795,17.94318182,17.65178571
1/17/2004,14.39166667,17.3275,17.00833333
1/24/2004,16.875,18.025,17.94791667
1/31/2004,17.075,18.12678571,17.00208333
2/7/2004,15.58125,16.54375,15.05480769
2/14/2004,11.315,14.4,12.60769231
2/21/2004,12.26875,14.99090909,12.40104167
2/28/2004,13.1375,14.37692308,13.18958333
3/6/2004,13.85,15.05416667,13.16666667
3/13/2004,14.0015625,14.92666667,12.71153846
3/20/2004,13.74107143,14.16517857,12.39423077
3/27/2004,12.46875,12.98392857,11.975
4/3/2004,12.33214286,13.21538462,12.72857143
4/10/2004,12.94107143,14.32867647,13.8921875
4/17/2004,12.78125,14.621875,14.23970588
4/24/2004,10.695,12.16428571,12.65089286
5/1/2004,9.869642857,12.16428571,11.60982143
5/8/2004,11.08571429,11.77980769,11.63416667
5/15/2004,10.9421875,11.49519231,11.209375
5/22/2004,10.55,11.665625,10.92083333
5/29/2004,10.14903846,11.325,10.58088235
6/5/2004,9.1796875,10.7796875,10.11666667
6/12/2004,8.125,10.15859375,9.2225
6/19/2004,7.876666667,9.077777778,8.35
6/26/2004,8.380263158,8.69875,8.524404762
7/3/2004,8.357386364,8.827840909,8.3935
7/10/2004,8.163068182,8.2285,8.246296296
7/17/2004,7.364673913,7.680288462,7.39375
7/24/2004,6.808333333,8.025,7.759615385
7/31/2004,7.288461538,7.984375,7.896323529
8/7/2004,9.067105263,9.525,9.776785714
8/14/2004,9.678846154,10.971875,11.02767857
8/21/2004,11.89090909,11.9,11.92954545
8/28/2004,12.97352941,13.00096154,13.17013889
9/4/2004,12.28461538,12.986,13.10857143
9/11/2004,11.48653846,12.38369565,12.48357143
9/18/2004,9.804411765,11.65657895,10.97571429
9/25/2004,9.3671875,11.68,10.384375
10/2/2004,9.259615385,12.41875,10.225
10/9/2004,10.37,13.18369565,11.36180556
10/16/2004,16.45714286,16.684375,16.40113636
10/23/2004,15.82916667,17.9875,17.73055556
10/30/2004,15.7875,17.74038462,17.121875
11/6/2004,14.6,16.57045455,16.63269231
11/13/2004,14.00714286,16.4375,16.26153846
11/20/2004,13.16428571,15.71818182,15.53269231
11/27/2004,15.175,16.6275,16.375
12/4/2004,14.53125,18.71590909,16.11171875
12/11/2004,12.57,17.43035714,14.52083333
12/18/2004,11.9375,15.64666667,12.996875
12/25/2004,10.19444444,13.95,11.0625
1/1/2005,8.767857143,12.5046875,10.5328125
1/8/2005,8.9,12.15714286,9.8515625
1/15/2005,10.86666667,12.79423077,11.2325
1/22/2005,15.41666667,14.97916667,14.00588235
1/29/2005,16.475,16.41923077,15.54338235
2/5/2005,15.49285714,17.50625,16.12
2/12/2005,15.02222222,18.23541667,16.803125
2/19/2005,15.935,19.61428571,18.24
2/26/2005,17.38888889,18.26354167,17.42
3/5/2005,14.34375,16.54285714,14.29732143
3/12/2005,13.75416667,16.45357143,13.14833333
3/19/2005,16.71625,17.2375,15.415
3/26/2005,18.6725,18.909375,17.53365385
4/2/2005,15.465625,16.75666667,15.181875
4/9/2005,11.48333333,14.37333333,12.95441176
4/16/2005,13.65357143,15.353125,14.67763158
4/23/2005,17.5796875,18.90666667,17.565
4/30/2005,16.384375,20.7375,18.53666667
5/7/2005,11.77142857,15.87884615,15.43482143
5/14/2005,10.48125,14.58461538,14.32019231
5/21/2005,10.16785714,13.20961538,12.95096154
5/28/2005,10.93125,12.14910714,12.40208333
6/4/2005,12.715625,14.5859375,13.83823529
6/11/2005,16.54711538,17.05882353,16.45882353
6/18/2005,15.71590909,17.25892857,16.4125
6/25/2005,11.98125,13.34615385,13.33125
7/2/2005,14.82777778,15.45333333,14.93846154
7/9/2005,14,14.375,14.33035714
7/16/2005,13.25,13.03125,12.59305556
7/23/2005,10.39722222,11.321,10.91465517
7/30/2005,9.123684211,10.243,9.798648649
8/6/2005,7.892105263,9.130172414,8.815714286
8/13/2005,7.125,9.202380952,8.54516129
8/20/2005,7.192307692,9.177083333,9.130357143
8/27/2005,7.911538462,10.895,9.788793103
9/3/2005,11.40625,14.43541667,13.52678571
9/10/2005,14.77954545,16.62105263,15.8
9/17/2005,17.74038462,18.36190476,17.8125
9/24/2005,14.57291667,15.66071429,15.405
10/1/2005,12.58035714,15.84659091,13.93166667
10/8/2005,12.653125,14.355,13.18703704
10/15/2005,12.7875,13.80083333,14.325
10/22/2005,12.6609375,14.11973684,14.56710526
10/29/2005,13.509375,14.05277778,14.08529412
11/5/2005,13.00138889,13.8953125,13.80394737
11/12/2005,14.9575,14.28823529,15.3
11/19/2005,19.3,19.3453125,18.84097222
11/26/2005,23.28125,22.79,22.46544118
12/3/2005,26.90357143,24.91666667,25.4921875
12/10/2005,28.2,22.43055556,25.75
12/17/2005,24.9875,23.9375,27.76136364
12/24/2005,31.75,26.90277778,28.11363636
12/31/2005,28.75,27.44642857,27.5
1/21/2006,23.75,24.6875,29.75
1/28/2006,19.64642857,25.75,30.11458333
2/4/2006,16.3,28.41071429,27.72159091
2/11/2006,14.95,23.52083333,20.58214286
2/18/2006,15.19166667,23.15,16.53557692
2/25/2006,19.35,21.51770833,15.6875
3/4/2006,20.91666667,21.55416667,17.36057692
3/11/2006,21.20625,24.0625,21.89230769
3/18/2006,18.9640625,24.00568182,22.4671875
3/25/2006,16.67638889,24.975,22.625
4/1/2006,17.6421875,19.25,18.74895833
4/8/2006,21.17916667,19.15277778,17.84479167
4/15/2006,21.575,20.07625,18.6625
4/22/2006,17.78055556,23.07222222,21
4/29/2006,12.359375,22.59625,21.66979167
5/6/2006,10.99305556,19.72386364,19.42916667
5/13/2006,10.8375,15.596875,17.12053571
5/20/2006,10.36,12.94230769,13.8125
5/27/2006,11.72875,11.84166667,12.55
6/3/2006,13.53333333,11.325,11.74615385
6/10/2006,12.90972222,12.60916667,12.8375
6/17/2006,13.83125,14.29107143,14.01071429
6/24/2006,13.71875,14.63839286,14.8671875
7/1/2006,14.10227273,16.21666667,15.475
7/8/2006,13.13020833,15.6125,15.70220588
7/15/2006,11.70982143,14.109375,14.3984375
7/22/2006,11.36979167,13.22697368,13.86029412
7/29/2006,11.40104167,11.45380435,11.54
8/5/2006,10.08214286,10.29330357,10.68526786
8/12/2006,9.252777778,10.61026786,10.95721154
8/19/2006,10.09583333,11.1685,10.83981481
8/26/2006,10.94821429,10.97142857,10.38854167
9/2/2006,13.29807692,11.31875,10.75340909
9/9/2006,12.99583333,12.80681818,11.825
9/16/2006,12.09659091,14.33173077,14.14
9/23/2006,11.71428571,14.55113636,13.83653846
9/30/2006,10.06730769,14.53385417,14.28385417
10/7/2006,10.35416667,14.62828947,14.45108696
10/14/2006,10.41416667,13.60855263,13.09659091
10/21/2006,11.77692308,12.02941176,11.51785714
10/28/2006,11.11111111,12.75892857,11.71590909
11/4/2006,11.9455,12.38157895,12.7173913
11/11/2006,11.37083333,12.94485294,12.81547619
11/18/2006,12.17916667,13.28676471,13.515625
11/25/2006,12.12613636,12.704375,13.7734375
12/2/2006,11.725,12.87565789,14.55694444
12/9/2006,10.97272727,12.11875,14.05
12/16/2006,10.84375,11.51796875,12.97720588
12/23/2006,11.11944444,11.7359375,11.52222222
12/30/2006,11.975,11.76071429,11.77410714
1/6/2007,16.27625,13.30859375,12.935
1/13/2007,16.61944444,13.54166667,13.535
1/20/2007,17.415625,16.390625,16.01442308
1/27/2007,16.52954545,16.82884615,17.39134615
2/3/2007,15.8875,17.55982143,18.05535714
2/10/2007,13.86125,18.16833333,17.9475
2/17/2007,15.10833333,17.134375,16.41416667
2/24/2007,17.0484375,15.74038462,15.01666667
3/3/2007,20.49285714,17.17045455,15.54910714
3/10/2007,17.0075,18.27115385,17.32321429
3/17/2007,15.29166667,19.3,18.87666667
3/24/2007,16.16522727,19.12307692,18.7225
3/31/2007,18.009375,18.325,17.37708333
4/7/2007,21.00388889,18.42727273,16.55416667
4/14/2007,18.75535714,19.34772727,17.69479167
4/21/2007,15.875,22.075,21.39886364
4/28/2007,14.5195,21.975,20.65875
5/5/2007,14.42958333,18.99852941,18.36634615
5/12/2007,16.51041667,17.16071429,17.01923077
5/19/2007,16.08068182,15.92361111,16.409375
5/26/2007,15.54204545,14.94125,15.06041667
6/2/2007,13.36538462,14.2375,14.53846154
6/9/2007,13.49375,13.87840909,14.03181818
6/16/2007,12.91666667,13.84191176,13.99609375
6/23/2007,12.76388889,13.55333333,13.8
6/30/2007,11.26875,12.90416667,12.54166667
7/7/2007,10.48653846,12.80288462,12.92019231
7/14/2007,9.08125,13.175,12.0625
7/21/2007,8.053571429,11.7078125,10.89375
7/28/2007,9.867307692,11.28409091,10.15397727
8/4/2007,10.46590909,11.1547619,10.17391304
8/11/2007,9.955357143,11.01488095,10.29261364
8/18/2007,9.704545455,10.77083333,10.36931818
8/25/2007,9.633333333,10.9375,14.28645833
9/1/2007,11.06484375,11.43181818,10.94230769
9/8/2007,13.44615385,11.225,10.50869565
9/15/2007,13.32307692,12.2675,12.07451923
9/22/2007,12.97142857,14.2025,14.318125
9/29/2007,12.20833333,14.14027778,14.63333333
10/6/2007,10.06730769,13.77236842,14.53125
10/13/2007,11.0140625,12.9546875,13.58552632
10/20/2007,11.1671875,11.92105263,12.60119048
10/27/2007,10.9375,13.94642857,13.33194444
11/3/2007,11,14.9609375,14.1015625
11/10/2007,11.6125,14.77777778,13.73214286
11/17/2007,14.225,13.76818182,13.60714286
11/24/2007,20.04166667,14.425,13.39732143
12/1/2007,20.625,16.30681818,15.475
12/8/2007,21.20833333,17.265625,18.23611111
12/15/2007,22.16666667,18.69642857,18.703125
12/22/2007,22,20.21875,20.53125
12/29/2007,20,24.07142857,23.4375
1/5/2008,18,24.64285714,23.6875
1/12/2008,17.25,22.59375,22.34375
1/19/2008,16.25,21.96875,21.66666667
1/26/2008,18.5,21,19.53125
2/2/2008,17.25,18.734375,18.34722222
2/9/2008,15.9375,18.484375,20.04166667
2/16/2008,13.9375,18.39285714,21.5
2/23/2008,12,17.9375,19.28571429
3/1/2008,11.33333333,16.9375,16.53571429
3/8/2008,11.58333333,16.375,15.28125
3/15/2008,15.125,14.515625,14.734375
3/22/2008,22,16.32142857,15.46875
3/29/2008,17,19,18.29166667
4/5/2008,13.16666667,24.85714286,23.89285714
4/12/2008,12.625,22.25,20.78571429
4/19/2008,12.66666667,18.5625,18.1875
4/26/2008,12.5,16.578125,15.58928571
5/3/2008,12.625,16.55,16.20833333
5/10/2008,14.2,17.03409091,16.94318182
5/17/2008,14.05,16.453125,16.35714286
5/24/2008,15.625,16.890625,16.44642857
5/31/2008,14.5625,15.825,15.54166667
6/7/2008,13.125,16.875,16.80357143
6/14/2008,11.7,15.859375,16.14285714
6/21/2008,11.45,14.26041667,14.70833333
6/28/2008,13.29166667,14.6125,15.3
7/5/2008,12.8125,14.69318182,14.325
7/12/2008,13.14166667,14.06818182,14.11111111
7/19/2008,14.60416667,14.11363636,14.3375
7/26/2008,18.40227273,15.29166667,15.18181818
8/2/2008,14.535,17.84722222,18.10714286
8/9/2008,13.96875,18.7,21.1
8/16/2008,12.02777778,15.66071429,18.51666667
8/23/2008,11.92857143,14.39375,14.27083333
8/30/2008,12.84375,14.40178571,14.03333333
9/6/2008,12.95,13.00892857,12.72222222
9/13/2008,13,13.47058824,14.35714286
9/20/2008,13.08928571,13.775,13.75
9/27/2008,13.33928571,12.99342105,12.78289474
10/4/2008,13.375,13.8203125,12.97058824
10/11/2008,16.8925,13.50735294,14.41346154
10/18/2008,19.13125,14.775,14.35
10/25/2008,21.38214286,16.07142857,17.19642857
11/1/2008,19.16590909,18.90357143,20.07307692
11/8/2008,19.98125,19.83541667,20.76538462
11/15/2008,20.675,19.775,20.41538462
11/22/2008,21.27,20.27291667,20.61730769
11/29/2008,20.52954545,19.72083333,20.8875
12/6/2008,17.609375,19.8875,22.08181818
12/13/2008,17.859375,19.89,22.10454545
12/20/2008,16.8125,18.88636364,20.97727273
12/27/2008,15.4,18.89583333,21.72222222
1/3/2009,13.5,18.95833333,20.65909091
1/10/2009,14.75,18.0375,19.075
1/17/2009,14.54464286,16.234375,17.15625
1/24/2009,15.25,17.525,17.70833333
1/31/2009,16.64583333,17.68181818,18.2125
2/7/2009,17.953125,16.44444444,16.8625
2/14/2009,19.83333333,17.15909091,18.27777778
2/21/2009,22.64583333,18.13888889,19.34722222
2/28/2009,25.65,20.75,19.975
3/7/2009,31,22.35714286,21.59722222
3/14/2009,30.8125,25.59375,25.140625
3/21/2009,29.875,28.82142857,28.77777778
3/28/2009,29.25,28.08333333,28.65625
4/4/2009,31.25,27.52083333,27.953125
4/11/2009,32.25,27.16666667,27.80555556
4/18/2009,27.52083333,30.07142857,29.8125
4/25/2009,16.89285714,32.14285714,31.29166667
5/2/2009,14.625,31.07142857,29.33928571
5/9/2009,14.91071429,21.5,18.44642857
5/16/2009,14.375,18.0625,17.25
5/23/2009,14.39285714,15.375,16.04166667
5/30/2009,14.53571429,14.875,15.75
6/6/2009,17.33928571,14.71428571,15.5625
6/13/2009,18.30357143,14.75,15.36111111
6/20/2009,17.05357143,17.0625,17.34722222
6/27/2009,13.546875,18.8125,19.15277778
7/4/2009,14.0625,19.3625,18.27777778
7/11/2009,16.55357143,17.7625,16.734375
7/18/2009,21.47916667,15.38541667,15.54166667
7/25/2009,19.52692308,16.21875,17.07954545
8/1/2009,18.8,17.890625,20.484375
8/8/2009,17.29545455,20.93181818,22.08333333
8/15/2009,14.75714286,18.98076923,20.36666667
8/22/2009,13.85833333,15.75,18.15625
8/29/2009,12.89285714,14.09375,16.92333333
9/5/2009,13.1525,14.6875,16.3203125
9/12/2009,13.1025,14.6875,14.91666667
9/19/2009,12.60384615,14.13392857,15.19210526
9/26/2009,10.9175,14.59166667,16.00882353
10/3/2009,12.11111111,13.78235294,15.00263158
10/10/2009,11.91,13.59333333,14.80234375
10/17/2009,11.64583333,14.14285714,15.03125
10/24/2009,14.3125,15.5125,14.95955882
10/31/2009,13.21875,17.95,15.40166667
11/7/2009,13.23928571,18.859375,15.51770833
11/14/2009,14.175,14.19722222,14.27125
11/21/2009,13.39318182,14.61666667,14.78303571
11/28/2009,12.32142857,14.70625,14.83392857
12/5/2009,12.24107143,14.07291667,14.71785714
12/12/2009,12.85416667,15.38636364,14.20454545
12/19/2009,11.05,16.79807692,15.35227273
12/26/2009,12.22916667,17.22916667,14.90909091
1/2/2010,13.925,16.775,15.125
1/9/2010,15.3,18.0078125,15.67708333
1/16/2010,20.4,18.35714286,16.60227273
1/23/2010,24.91666667,18.20833333,17.225
1/30/2010,24.375,24,22.58333333
2/6/2010,24,27.5,25.04166667
2/13/2010,25.66666667,26,26
2/20/2010,26,25.575,25.30357143
2/27/2010,29.25,27.65,28.28125
3/6/2010,30.5,25.75,28.6484375
3/13/2010,30.25,29.02777778,31.11875
3/20/2010,35,29.89772727,32.035
3/27/2010,38,28.64,32.77777778
4/3/2010,29.25,32,33.73611111
4/10/2010,23.8125,35.20833333,36.04545455
4/17/2010,26.70833333,32.15277778,31.32954545
4/24/2010,20.42857143,26.84090909,26.265625
5/1/2010,16.55555556,24.30681818,25.56818182
5/8/2010,14.10416667,21.625,21
5/15/2010,14.51041667,18.52777778,17.56944444
5/22/2010,14.525,14.78125,14.94444444
5/29/2010,14.14285714,16.90625,13.84722222
6/5/2010,13.34722222,14.375,14.40625
6/12/2010,10.45833333,15.01785714,14.82692308
6/19/2010,9.475,13.79545455,14.375
6/26/2010,9.611111111,11.7,11.7
7/3/2010,9.986111111,10.72115385,11.25446429
7/10/2010,10.06770833,11.40625,11.93181818
7/17/2010,9.375,12.45535714,11.3125
7/24/2010,8.303571429,12.0625,10.98529412
7/31/2010,8.355263158,10.7109375,10.44736842
8/7/2010,9.723214286,10.19642857,10.1875
8/14/2010,9.191964286,10.05729167,10.08482143
8/21/2010,10.2,9.926136364,9.959677419
8/28/2010,11.03421053,10.1875,10.11875
9/4/2010,12.15833333,10.74375,10.3925
9/11/2010,16.03125,11.4875,11.375
9/18/2010,18.74375,13.06086957,12.84907407
9/25/2010,18.07166667,13.9075,13.71826923
10/2/2010,18.65166667,16.66477273,17.63839286
10/9/2010,20.53269231,17.3375,17.426
10/16/2010,21.01818182,17.28676471,17.748
10/23/2010,20.97727273,18.06617647,19.089
10/30/2010,18.33333333,17.43333333,19.18421053
11/6/2010,16.5,15.96666667,18.02205882
11/13/2010,17.56944444,14.765625,15.7421875
11/20/2010,13.125,14.390625,14.41176471
11/27/2010,12.2875,14.09615385,13.859375
12/4/2010,17.234375,13.79545455,13.68333333
12/11/2010,18.640625,13.81730769,14.14285714
12/18/2010,20.44642857,16,15.75
12/25/2010,24.425,16.86363636,17.75
1/1/2011,24.46875,20.55555556,20.9
1/8/2011,35.22,23.7875,26.47727273
1/15/2011,34.28888889,26.0625,27.39772727
1/22/2011,32.29375,30.4,31.84166667
1/29/2011,32.12875,31.27916667,33.68076923
2/5/2011,29.77571429,31.38409091,32.23928571
2/12/2011,25.36,30.20833333,30.92045455
2/19/2011,26.5225,26.421875,25.86363636
2/26/2011,26.23,24.18055556,23.35576923
3/5/2011,27.59875,23.67857143,23.09807692
3/12/2011,26.8,24.625,22.4
3/19/2011,26.195625,27.0375,24.13888889
3/26/2011,26.9875,28.79166667,24.796875
4/2/2011,24.39222222,29.43055556,25.26388889
4/9/2011,19.12555556,30.29166667,26.19444444
4/16/2011,16.494375,27.859375,22.7025
4/23/2011,16.2478125,22.75208333,18.00625
4/30/2011,16.03694444,19.91538462,18.22410714
5/7/2011,15.427,19.24107143,17.50703125
5/14/2011,16.3555,16.8375,15.97232143
5/21/2011,16.089,16,15.47589286
5/28/2011,16.02863636,15.675,15.01458333
6/4/2011,18.48333333,15.26388889,14.58541667
6/11/2011,19.97964286,15.76041667,17.0375
6/18/2011,18.90883333,17.53846154,18.5125
6/25/2011,16.95428571,16.73611111,18.26666667
7/2/2011,15,17.9,19.02205882
7/9/2011,15.88576923,18.23529412,17.421875
7/16/2011,17.63722222,16.33928571,14.875
7/23/2011,18.78605263,14.80147059,15.49305556
7/30/2011,17.66571429,15.49342105,16.33
8/6/2011,15.86833333,16.77205882,16.31730769
8/13/2011,13.85657895,15.64130435,16.94642857
8/20/2011,14.67222222,12.90217391,14.53
8/27/2011,15.01277778,12.57386364,13.29326923
9/3/2011,16.2524,13.57352941,13.50543478
9/10/2011,17.66526316,15.1375,14.66826923
9/17/2011,17.94921875,15.14583333,15.20909091
9/24/2011,15.875,16.32608696,16.75887097
10/1/2011,13.75,15.94318182,16.51893939
10/8/2011,17.47368421,14.31666667,14.3362069
10/15/2011,21.52777778,14.625,14.37068966
10/22/2011,20.60714286,16.31578947,16.46551724
10/29/2011,19.03571429,17.44642857,18.375
11/5/2011,15.359375,17.71875,18.57638889
11/12/2011,12.953125,17.421875,17.84821429
11/19/2011,18.9,15.42857143,15.99107143
11/26/2011,19.125,13.953125,13.63392857
12/3/2011,19.85833333,17.975,17.77678571
12/10/2011,20.33571429,21.5,21.63461538
12/17/2011,19.4075,23.6875,22.41071429
12/24/2011,18.155,20.38863636,20.425
12/31/2011,18.075,18.575,20.19230769
1/7/2012,17.240625,18.53125,19.53928571
1/14/2012,17.37142857,18.875,18.18035714
1/21/2012,19.271875,18.80357143,17.52083333
1/28/2012,22.24722222,19.16666667,18.77083333
2/4/2012,21.86111111,21.51785714,20.86
2/11/2012,16.8775,22.09375,21.96071429
2/18/2012,15.22777778,19.859375,21.65192308
2/25/2012,19.58541667,16.7275,17.3125
3/3/2012,20.27142857,15.75277778,15.76363636
3/10/2012,17.403125,17.440625,18.04772727
3/17/2012,16.98333333,18.690625,18.98125
3/24/2012,21.22142857,20.08392857,17.51363636
3/31/2012,21.2425,21.44791667,17.49166667
4/7/2012,17.45833333,23.375,19.71590909
4/14/2012,15.3675,25.45833333,23.0625
4/21/2012,14.728125,20.78571429,17.85454545
4/28/2012,15.69444444,17.8,16.25227273
5/5/2012,15.1225,17.56458333,16.15833333
5/12/2012,15.36111111,17.64615385,16.73125
5/19/2012,15.6375,16.815,16.36666667
5/26/2012,16.79166667,15.565,15.525
6/2/2012,16.9,15.0875,15.06346154
6/9/2012,15.13173077,14.72272727,15.590625
6/16/2012,17.55113636,14.91590909,15.95769231
6/23/2012,18.09821429,15.43333333,14.26875
6/30/2012,18.33653846,16.20833333,15.27678571
7/7/2012,16.66666667,16.9,17
7/14/2012,13.90441176,17.28125,16.75
7/21/2012,12.28645833,15.59375,15.36764706
7/28/2012,11.1423913,14.65,13.26470588
8/4/2012,11.45,12.01973684,11.32
8/11/2012,12.6484375,11.96875,11.22916667
8/18/2012,16.06333333,12.76136364,11.72580645
8/25/2012,15.15263158,14.35119048,13.53448276
9/1/2012,14.8671875,15.11111111,15.18103448
9/8/2012,12.88055556,15.53947368,15.82777778
9/15/2012,11.34761905,15.08888889,14.15166667
9/22/2012,11.01805556,13.82941176,14.61203704
9/29/2012,11.92083333,12.8625,12.87931034
10/6/2012,14.0275,13.34722222,12.1453125
10/13/2012,16.3875,13.88125,13.1625
10/20/2012,17.5625,15.72916667,15.16346154
10/27/2012,15.43055556,17.23333333,17.38095238
11/3/2012,14.98,16.95454545,17.80769231
11/10/2012,14.02222222,16.77083333,16.15625
11/17/2012,14.60277778,16.11538462,16.4
11/24/2012,14.72045455,15.3828125,16.13333333
12/1/2012,15.30568182,15.95454545,15.83472222
12/8/2012,16.3578125,16.97916667,15.96666667
12/15/2012,17.85,17.21153846,17.70588235
12/22/2012,18.62954545,18.68181818,16.89285714
12/29/2012,18.00113636,20.35714286,18.97115385
1/5/2013,18.49642857,21.35714286,19.10416667
1/12/2013,17.171875,20.05357143,17.63541667
1/19/2013,17.07916667,19.875,17.2625
1/26/2013,17.1375,23.53125,20.30208333
2/2/2013,16.6,24.01785714,20.34375
2/9/2013,18.05833333,19.07142857,18.05681818
2/16/2013,19.76666667,19.53571429,17.66666667
2/23/2013,21.95416667,19.875,18.95
3/2/2013,20.33571429,22.78125,21.97727273
3/9/2013,18.175,23.5625,22.93181818
3/16/2013,18.07142857,22.08928571,22.68076923
3/23/2013,20.975,20.60714286,21.17115385
3/30/2013,20.03125,19.46875,20.51785714
4/6/2013,17.875,21.1875,22.83958333
4/13/2013,15.93333333,21.19444444,23.11607143
4/20/2013,17.99545455,19.52777778,20.23125
4/27/2013,16.9125,20.64615385,16.6275
5/4/2013,16.85277778,20.21590909,19.14464286
5/11/2013,15.36818182,18.69722222,18.05961538
5/18/2013,15.44166667,17.645,17.334375
5/25/2013,15.47604167,16.895,16.8825
6/1/2013,18.56363636,16.43181818,16.42857143
6/8/2013,17.53125,16,16.02884615
6/15/2013,16.37,16.04545455,15.89732143
6/22/2013,12.46153846,15.95535714,15.4765625
6/29/2013,12.27083333,14.84375,14.546875
7/6/2013,11.43055556,14.23076923,13.8203125
7/13/2013,12.04464286,14.14423077,13.3984375
7/20/2013,11.70192308,14.54807692,13.13541667
7/27/2013,11.94166667,11.93333333,13.32421875
8/3/2013,14.31666667,11.10416667,12.46323529
8/10/2013,16.24342105,11.84166667,12.49431818
8/17/2013,18.1576087,14.26785714,14.1953125
8/24/2013,16.53484848,16.09659091,16.48214286
8/31/2013,15.99137931,17.925,18.203125
9/7/2013,15.07954545,16.65625,16.61574074
9/14/2013,12.04761905,16.40625,15.85648148
9/21/2013,11.25694444,17.525,15.0355
9/28/2013,12.3359375,13.27941176,12.81741071
10/5/2013,12.67045455,11.83035714,12.11931818
10/19/2013,17.7578125,14.875,14.74802632
10/26/2013,18.5625,16.02777778,15.27434211
11/2/2013,20.65972222,21.875,22.21022727
11/9/2013,20.8359375,27.796875,23.28333333
11/16/2013,21.04166667,27.89285714,23.28645833
11/23/2013,20.86458333,26.60416667,24.86931818
11/30/2013,22.390625,23.07142857,25.91826923
12/7/2013,18.5125,21.25,22.12053571
12/14/2013,16.66666667,21.78125,21.72916667
12/21/2013,15.03571429,20.26785714,18.99038462
12/28/2013,14.21428571,19.42857143,16.90909091
1/4/2014,15.7,17.44642857,15.44318182
1/11/2014,16.80555556,15.890625,14.26136364
1/18/2014,17.82,15,13.21875
1/25/2014,21.359375,16.515625,14.61363636
2/1/2014,25.82142857,18.5625,17.29375
2/8/2014,26.21875,21.01785714,20.86931818
2/15/2014,25.59375,23.71428571,23.72916667
2/22/2014,22.95833333,26.10714286,25.125
3/1/2014,21.75,25.10714286,25.29545455
3/8/2014,20.27777778,23.75,22.94318182
3/15/2014,18.8375,21.92857143,20.75
3/22/2014,17.41666667,20.66071429,19.625
3/29/2014,20.03888889,20.82142857,17.725
4/5/2014,20.83333333,21.25,16.72727273
4/12/2014,18.6625,23.6875,20.5125
4/19/2014,16.3275,26.375,21.625
4/26/2014,15.7275,22.97222222,19.21875
5/3/2014,16.94791667,17.125,16.0625
5/10/2014,16.55,15.96875,15.47159091
5/17/2014,17.09722222,15.359375,14.57954545
5/24/2014,17.43055556,15.125,14.475
5/31/2014,17.78125,16.86111111,15.55625
6/7/2014,18.05,17.825,16.4875
6/14/2014,16.09375,18.76136364,18.0625
6/21/2014,14.40416667,19.125,19.45535714
6/28/2014,13.4025,19.1875,18.51785714
7/5/2014,13.03409091,18.78333333,15.9975
7/12/2014,14.46875,15.9,14.61730769
7/19/2014,13.81319444,15.27777778,13.90384615
7/26/2014,16.03076923,12.03571429,13.91071429
8/2/2014,18.76666667,11.21666667,13.83088235
8/9/2014,15.44047619,13.1875,16.7
8/16/2014,14.20416667,17.22222222,18.60294118
8/23/2014,13.50595238,16.70535714,16.10227273
8/30/2014,12.4375,16.325,14.61904762
9/6/2014,11.69166667,15.85416667,13.94565217
9/13/2014,11.19736842,14.4140625,13.67391304
9/20/2014,11.09868421,13.71875,13.5
9/27/2014,12.175,12.34821429,11.83173077
10/4/2014,13.70833333,12.16666667,12.44565217
10/11/2014,13.93421053,13.02777778,12.9625
10/18/2014,13.53409091,18.66346154,16.23
10/25/2014,13.39895833,17.59090909,16.45652174
11/1/2014,14.49038462,18.54166667,18.60416667
11/8/2014,12.40192308,18.13541667,18.06833333
11/15/2014,14.53645833,16.421875,17.33409091
11/22/2014,18.31416667,18.0625,17.55909091
11/29/2014,19.78846154,17.4,18.08653846
12/6/2014,20.3,21.625,19.58482143
12/13/2014,20.96875,23.9375,20.58522727
12/20/2014,23.125,21.675,19.76875
12/27/2014,24.9125,23.05,20.21875
1/3/2015,24.6,24.325,22.50568182
1/10/2015,25.5,26.25,25.46875
1/17/2015,23.42045455,26.4,25.44886364
1/24/2015,20.19791667,26,24.60227273
1/31/2015,19.46,24.54166667,22.7875
2/7/2015,19.6640625,21.79166667,19.65
2/14/2015,19.48214286,20.73214286,18.7625
2/21/2015,21.2375,21,18.475
2/28/2015,24.57291667,22.79166667,19.47916667
3/7/2015,24.22222222,24.75,21.81944444
3/14/2015,20.11944444,25.5625,26.475
3/21/2015,16.275,25.45,25.66666667
3/28/2015,15.30625,23.64583333,20.51388889
4/4/2015,16.734375,21,16.06875
4/11/2015,19.11022727,19.3125,15.375
4/18/2015,17.075,22.23214286,16.72222222
4/25/2015,16.2125,20.375,17.79318182
5/2/2015,14.68055556,17.16666667,15.76875
5/9/2015,14.41111111,15.57142857,14.6375
5/16/2015,16.30625,15.83333333,14.28125
5/23/2015,16.72395833,15.328125,13.69318182
5/30/2015,16.41346154,16.66666667,14.32954545
6/6/2015,15.45454545,16.8125,15.8171875
6/13/2015,12.2,16.46875,14.875
6/20/2015,12.175,14.94642857,13.66666667
6/27/2015,12.9,14.71875,13.01666667
7/4/2015,14.79166667,12.92857143,12.11458333
7/11/2015,15.41666667,13.83928571,13.43181818
7/18/2015,17.55555556,14.25,16.17708333
7/25/2015,18.66964286,14.890625,16.26041667
8/1/2015,18.68194444,15.546875,17.775
8/8/2015,16.01785714,18.17045455,20.35526316
8/15/2015,13.88888889,17.2625,19.425
8/22/2015,12.53846154,17.05,17.44736842
8/29/2015,13.24107143,12.64285714,14.875
9/5/2015,13.75892857,13.90625,14.33333333
9/12/2015,16.296875,13.575,13.01785714
9/19/2015,17.73214286,15.40909091,14.63043478
9/26/2015,17.74166667,17.65,17.06875
10/3/2015,20.475,18.78125,18.57142857
10/10/2015,20.125,19.25,18.546875
10/17/2015,19.2125,20.0625,19.5
10/24/2015,17.43181818,24.05,24.27941176
10/31/2015,14.79166667,25.92857143,23.8125
11/7/2015,13.109375,24.33333333,22.625
11/14/2015,12.11458333,18.80555556,17.65625
11/21/2015,13.04166667,16.25,15.125
11/28/2015,13.51041667,16.94444444,13.85416667
12/5/2015,12.890625,17.675,15.69318182
12/12/2015,13.55357143,16.90625,14.6875
12/19/2015,17.08333333,17.25,13.95454545
12/26/2015,17.6875,16.35,14.15277778
1/2/2016,22.875,15.55,14.1875
1/9/2016,26.28125,15.41666667,15.39285714
1/16/2016,26.56944444,20.75,19.78125
1/23/2016,25.203125,23.475,25.65625
1/30/2016,24.23214286,24.71428571,25.421875
2/6/2016,29.33928571,23.075,24.25
2/13/2016,29.825,22.05357143,24.875
2/20/2016,39.125,23.9125,27.61111111
2/27/2016,38.76785714,32.29166667,32.27777778
3/5/2016,38.171875,36.65,39.57142857
3/12/2016,33.0625,38.75,40.08333333
3/19/2016,22.015625,37.1,36.84722222
3/26/2016,17.5078125,33.25,34.09375
4/2/2016,16.653125,29.375,27.09722222
4/9/2016,19.375,23.2,21.26388889
4/16/2016,19.35555556,23.296875,18.24444444
4/23/2016,20.371875,21.95833333,21.09375
4/30/2016,19.125,20.625,21.98055556
5/7/2016,14.98125,20.375,21.703125
5/14/2016,18.97222222,18.8125,20.27777778
5/21/2016,18.38333333,15.77083333,16.3
5/28/2016,18.63125,15.52083333,15.625
6/4/2016,14.7,15.59375,15.73409091
6/11/2016,13.90277778,15.58333333,16.55769231
6/18/2016,15.11111111,16.3125,17.05208333
6/25/2016,14.91666667,14.925,15.75961538
7/2/2016,14.4625,14.11111111,15.66666667
7/9/2016,17.69791667,14.25,14.54545455
7/16/2016,19.16071429,15.83928571,14.81818182
7/23/2016,20.125,18.65625,18.31730769
7/30/2016,16.4375,20,21.325
8/6/2016,15.95535714,20.5875,21.96590909
8/13/2016,10.90625,17.421875,18.12867647
8/20/2016,10.1125,13.98958333,14.30357143
8/27/2016,9.975,12.86363636,12.54411765
9/3/2016,13.40384615,12.81944444,12.45588235
9/10/2016,16.80681818,12.19318182,12.6328125
9/17/2016,19.75,15.40625,13.18055556
9/24/2016,23.66964286,18.04166667,16.875
10/1/2016,19.09722222,18.7375,19.05681818
10/8/2016,17.3125,20.21428571,23.4625
10/15/2016,13.375,22.625,22.36538462
10/22/2016,13.5625,22.203125,19.51785714
10/29/2016,12.28125,20.4,17.45833333
11/5/2016,13.20833333,20.734375,18.359375
11/12/2016,12.546875,19.70454545,15.65625
11/19/2016,15.90277778,15.71875,15.70833333
11/26/2016,19.39583333,17.25,16.203125
12/3/2016,21.18928571,17.78125,17.84375
12/10/2016,22.35,20.6,20.875
12/17/2016,21.96428571,21.91666667,23.546875
12/24/2016,21.51785714,23.625,24
12/31/2016,20.5,23.6,23
1/7/2017,17.75,21.79166667,21.5625
1/14/2017,15.325,20.375,19.40625
1/21/2017,15.2375,17.45833333,15.64583333
1/28/2017,17.16666667,15.66666667,14.96875
2/4/2017,18.70833333,16.1375,15.178125
2/11/2017,21.89583333,17.71875,16.98214286
2/18/2017,23.04583333,20.16666667,18.83928571
2/25/2017,21.84166667,22.75,21.04166667
3/4/2017,18.01666667,23.521875,22.721875
3/11/2017,13.19642857,21.6,21.28035714
3/18/2017,12.34821429,18.784375,17.95714286
3/25/2017,12.40178571,17.03125,18.234375
4/1/2017,14.325,16.734375,15.3984375
4/8/2017,14.78333333,16.6875,15.640625
4/15/2017,18.325,20,16.5
4/22/2017,16.8,21.15,15
4/29/2017,15.45,20.97,17.75416667
5/6/2017,15.4328125,18.92,17.125
5/13/2017,15.8546875,22.68333333,16.125
5/20/2017,18.77083333,22.345,15.48928571
5/27/2017,19.85125,17.165625,15.39107143
6/3/2017,17.86375,19.10416667,16.02638889
6/10/2017,15.58333333,18.7,17.390625
6/17/2017,14.72222222,18.8,17.296875
6/24/2017,13.25,17.79166667,15.4375
7/1/2017,14.375,19.64285714,15.025
7/8/2017,14.45,14.9,13.55555556
7/15/2017,13.796875,15.05357143,14.375
7/22/2017,17.125,14.35714286,14.4625
7/29/2017,19.16346154,13.26785714,13.89772727
8/5/2017,18.875,16.86363636,15.88541667
8/12/2017,15.77941176,20.4375,18.3
8/19/2017,15.807,19.72321429,17.86764706
8/26/2017,17.25277778,18.82291667,16.1640625
9/2/2017,16.62794118,16.625,15.15131579
9/9/2017,14.73076923,16.40104167,15.03819444
9/16/2017,12.38839286,16.28645833,14.42279412
9/23/2017,15.40446429,16.65,14.775
9/30/2017,11.77777778,15.859375,14.3125
10/7/2017,16.75,14.71442308,15.34833333
10/14/2017,15.34722222,14.84090909,13.67307692
10/21/2017,14.6953125,15.7625,14.5
10/28/2017,9.958333333,15.22222222,14.27777778
11/4/2017,13.9375,16.32142857,16.24107143
11/11/2017,23.75,17.8,18.75
11/18/2017,33.16666667,19.8625,18.875
11/25/2017,33.125,27.16666667,27.83333333
12/2/2017,31.5,32.46875,37.4375
12/9/2017,23.625,32.45833333,37.47916667
12/16/2017,17.29166667,28.8,37.03125
12/23/2017,15.91666667,24.64583333,26.34375
12/30/2017,15.60416667,21.08333333,20.35
1/6/2018,18.45833333,17.075,19.425
1/13/2018,23.75,17.1,16.984375
1/20/2018,21.58333333,19.3,19.6375
1/27/2018,19,24.546875,30.75
2/3/2018,16.97916667,22.16666667,21.85416667
2/10/2018,15.21875,19.625,18.91666667
2/17/2018,13.22916667,18.3125,16.77083333
2/24/2018,12.66666667,15.58333333,15.14583333
3/3/2018,12.14583333,13.20833333,13.54166667
3/10/2018,12.125,12.875,12.875
3/17/2018,15.20833333,11.89583333,12.5625
3/24/2018,17.25,12.52083333,12.60416667
3/31/2018,21.10416667,15.125,15.625
4/7/2018,17.95833333,17.375,17.33333333
4/14/2018,16.0625,21.47916667,21.75
4/21/2018,15.64583333,18.875,18.89583333
4/28/2018,15.25,16.22916667,16.27083333
5/5/2018,15.60416667,15.72916667,15.60416667
5/12/2018,15.52083333,15.25,14.8125
5/19/2018,15.95833333,15.27083333,15.35416667
5/26/2018,16.5,15.35416667,15.4375
6/2/2018,15.09375,16.04166667,15.71875
6/9/2018,13.45,16.75,16.4
6/16/2018,11,15.1125,15.26041667
6/23/2018,17.828125,13.5125,13.45833333
6/30/2018,16.575,14.140625,20.75
7/7/2018,16.75,12.75,13.6
7/14/2018,17.3375,13.04166667,13.125
7/21/2018,16.17857143,13.30208333,12.97708333
7/28/2018,15.7109375,13.75,14.06111111
8/4/2018,12.5859375,13.33035714,13.36805556
8/11/2018,13.1375,13.3125,13.25
8/18/2018,11.125,13.46022727,13.82638889
8/25/2018,11.72222222,13.17361111,13.40972222
9/1/2018,13.0078125,13.33928571,12.71153846
9/8/2018,15.35416667,13.28571429,11.96153846
9/15/2018,16.75,13.7578125,13.08035714
9/22/2018,16.3125,14.90972222,14.90384615
9/29/2018,17.84375,17.82142857,16.27232143
10/6/2018,20.39583333,18.96428571,17.05769231
10/13/2018,19.975,20.66071429,19.19230769
10/20/2018,28.5,20.75,23
10/27/2018,29.3125,21.33035714,22.46428571
11/3/2018,24.875,28.45,30.66666667
11/10/2018,28.025,28,28.6
11/17/2018,27.375,30.6875,29.1
11/24/2018,23.375,30.08333333,31.63888889
12/1/2018,15.84375,29.75,32.29166667
12/8/2018,14.65625,25.84375,28.2875
12/15/2018,15.5,20.984375,21.3625
12/22/2018,15.09375,18.5625,19.425
12/29/2018,15.91666667,19.375,18.875
1/5/2019,16.3125,16.70833333,18.425
1/12/2019,15.6875,19.625,19.125
1/19/2019,15.66666667,20.1875,19.475
1/26/2019,19.65625,21.53125,19.8
2/2/2019,23.9375,20.125,19.275
2/9/2019,28.5625,23.75,22.825
2/16/2019,27.83333333,25.3125,25.675
2/23/2019,26.83333333,27,27.925
,,29.15625,29.22916667
,,28.375,27.4
